time_range,url,source
01/01/2022 - 01/31/2022,https://finance.yahoo.com/quote/NVDL/,finance.yahoo.com
01/01/2022 - 01/31/2022,"https://finance.yahoo.com/quote/NVDA,TSLA,NIO/",finance.yahoo.com
01/01/2022 - 01/31/2022,https://ca.finance.yahoo.com/m/678d1a66-a7f5-3dfa-995e-a58f95121e8e/3-high-growth-chip-stocks-to.html,finance.yahoo.com
01/01/2022 - 01/31/2022,https://ca.finance.yahoo.com/m/e3e87804-42a9-3980-8671-ebfa86b4c55a/better-chip-stock%3A-asml-vs..html,finance.yahoo.com
01/01/2022 - 01/31/2022,https://ca.finance.yahoo.com/m/de548f25-00ef-39d5-a174-83c973ef56e6/better-buy%3A-nvidia-vs.-amd.html,finance.yahoo.com
01/01/2022 - 01/31/2022,https://finance.yahoo.com/news/top-10-best-performing-stocks-190949855.html,finance.yahoo.com
01/01/2022 - 01/31/2022,https://finance.yahoo.com/news/7-long-term-stocks-buy-160847953.html,finance.yahoo.com
01/01/2022 - 01/31/2022,https://finance.yahoo.com/news/stock-market-news-jan-10-143902351.html,finance.yahoo.com
01/01/2022 - 01/31/2022,https://finance.yahoo.com/news/bank-etfs-boost-154500845.html,finance.yahoo.com
01/01/2022 - 01/31/2022,https://finance.yahoo.com/news/4-top-stock-trades-thursday-222332453.html,finance.yahoo.com
01/01/2022 - 01/31/2022,https://finance.yahoo.com/news/jim-cramer-2022-invest-companies-204000651.html,finance.yahoo.com
01/01/2022 - 01/31/2022,https://finance.yahoo.com/quote/RNDR-USD/,finance.yahoo.com
01/01/2022 - 01/31/2022,https://finance.yahoo.com/news/inflation-chip-shortage-commerce-secretary-122005269.html,finance.yahoo.com
02/01/2022 - 02/28/2022,https://finance.yahoo.com/news/options-bulls-blast-nvidia-stock-171421127.html,finance.yahoo.com
02/01/2022 - 02/28/2022,https://finance.yahoo.com/news/nvidia-nvda-set-report-q4-142702469.html,finance.yahoo.com
02/01/2022 - 02/28/2022,"https://finance.yahoo.com/quote/AAPL,AMD,PLTR,BAC,NIO,NVDA,AAL,INTC,SNAP,TSLA,WFC,MSFT,X,XOM,FCX,VZ,CSCO,MU,CMCSA,MRK,TWTR,NLY,PYPL,MRNA,DAL,SPCE,QS,BMY,UAL,SLB,DIS,DVN,XPEV,HBAN,HPE,V,QCOM,ORCL,CHPT/",finance.yahoo.com
02/01/2022 - 02/28/2022,https://finance.yahoo.com/news/the-weird-correlation-between-the-super-bowl-and-the-stock-market-163923260.html,finance.yahoo.com
02/01/2022 - 02/28/2022,https://finance.yahoo.com/news/sarah-raskin-happened-1-5-193125805.html,finance.yahoo.com
02/01/2022 - 02/28/2022,https://finance.yahoo.com/news/the-russell-2000-is-performing-terribly-why-that-could-be-bad-news-for-the-stock-market-morning-brief-100533668.html,finance.yahoo.com
02/01/2022 - 02/28/2022,https://finance.yahoo.com/quote/BCT-USD/,finance.yahoo.com
02/01/2022 - 02/28/2022,https://finance.yahoo.com/quote/TEND-USD/,finance.yahoo.com
02/01/2022 - 02/28/2022,https://finance.yahoo.com/news/womens-puffer-vest-canada-light-042300693.html,finance.yahoo.com
02/01/2022 - 02/28/2022,https://finance.yahoo.com/quote/PRAY/,finance.yahoo.com
02/01/2022 - 02/28/2022,https://finance.yahoo.com/quote/AZRN.AS/,finance.yahoo.com
02/01/2022 - 02/28/2022,https://finance.yahoo.com/news/triterras-provides-nasdaq-listing-220000474.html,finance.yahoo.com
02/01/2022 - 02/28/2022,https://finance.yahoo.com/news/texas-mexico-power-company-moodys-235308521.html,finance.yahoo.com
03/01/2022 - 03/31/2022,https://finance.yahoo.com/quote/NVDG.F/community/,finance.yahoo.com
03/01/2022 - 03/31/2022,https://finance.yahoo.com/news/nvidia-nvda-starts-production-drive-121912098.html,finance.yahoo.com
03/01/2022 - 03/31/2022,https://finance.yahoo.com/news/nvidia-ceo-hack-was-a-wake-up-call-144119655.html,finance.yahoo.com
03/01/2022 - 03/31/2022,https://finance.yahoo.com/show/opening-bell-coverage/,finance.yahoo.com
03/01/2022 - 03/31/2022,https://finance.yahoo.com/news/nvidia-teams-up-with-lucid-and-byd-for-new-self-driving-platform-170052534.html,finance.yahoo.com
03/01/2022 - 03/31/2022,https://finance.yahoo.com/news/2-artificial-intelligence-stocks-set-000131081.html,finance.yahoo.com
03/01/2022 - 03/31/2022,https://finance.yahoo.com/news/nvidia-unveils-latest-chip-speed-154022782.html,finance.yahoo.com
03/01/2022 - 03/31/2022,https://finance.yahoo.com/quote/NVMI/,finance.yahoo.com
03/01/2022 - 03/31/2022,https://finance.yahoo.com/news/two-overpaid-zynga-time-tell-221947349.html,finance.yahoo.com
03/01/2022 - 03/31/2022,https://finance.yahoo.com/news/bull-day-advanced-micro-devices-102010089.html,finance.yahoo.com
03/01/2022 - 03/31/2022,https://finance.yahoo.com/quote/1N8.F/,finance.yahoo.com
03/01/2022 - 03/31/2022,https://finance.yahoo.com/quote/OASMY/,finance.yahoo.com
03/01/2022 - 03/31/2022,https://finance.yahoo.com/quote/TRCC/news/,finance.yahoo.com
04/01/2022 - 04/30/2022,https://finance.yahoo.com/news/how-nvidia-became-a-giant-of-the-chip-industry-152417992.html,finance.yahoo.com
04/01/2022 - 04/30/2022,https://finance.yahoo.com/news/nvidia-stock-buy-172208593.html,finance.yahoo.com
04/01/2022 - 04/30/2022,https://finance.yahoo.com/news/chip-shortages-easing-nvidia-could-154942213.html,finance.yahoo.com
04/01/2022 - 04/30/2022,https://finance.yahoo.com/news/10-robotics-stocks-buy-2022-103009325.html,finance.yahoo.com
04/01/2022 - 04/30/2022,https://finance.yahoo.com/news/3-strong-buy-stocks-sparking-012355522.html,finance.yahoo.com
04/01/2022 - 04/30/2022,https://finance.yahoo.com/quote/M2ST34.SA/,finance.yahoo.com
04/01/2022 - 04/30/2022,https://finance.yahoo.com/quote/SOUNW/,finance.yahoo.com
04/01/2022 - 04/30/2022,https://finance.yahoo.com/quote/GUSA/,finance.yahoo.com
04/01/2022 - 04/30/2022,https://finance.yahoo.com/quote/0P0001PGIC.F/,finance.yahoo.com
04/01/2022 - 04/30/2022,https://finance.yahoo.com/quote/CRTWF/,finance.yahoo.com
04/01/2022 - 04/30/2022,https://finance.yahoo.com/quote/1257.HK/,finance.yahoo.com
04/01/2022 - 04/30/2022,https://finance.yahoo.com/quote/688326.SS/,finance.yahoo.com
04/01/2022 - 04/30/2022,https://finance.yahoo.com/quote/UNTCW/,finance.yahoo.com
05/01/2022 - 05/31/2022,https://finance.yahoo.com/news/amd-vs-nvidia-chip-giant-214509012.html,finance.yahoo.com
05/01/2022 - 05/31/2022,https://finance.yahoo.com/news/nvidia-ceo-names-2-big-challenges-after-disappointing-guidance-164258323.html,finance.yahoo.com
05/01/2022 - 05/31/2022,https://finance.yahoo.com/news/nvidia-failed-disclose-cryptomining-revenue-143248958.html,finance.yahoo.com
05/01/2022 - 05/31/2022,https://finance.yahoo.com/news/3-places-invest-money-other-160004853.html,finance.yahoo.com
05/01/2022 - 05/31/2022,https://finance.yahoo.com/news/morgan-stanly-says-3-stocks-001459026.html,finance.yahoo.com
05/01/2022 - 05/31/2022,https://finance.yahoo.com/quote/META/news/,finance.yahoo.com
05/01/2022 - 05/31/2022,https://finance.yahoo.com/news/analysts-just-shipped-sizeable-upgrade-101735506.html,finance.yahoo.com
05/01/2022 - 05/31/2022,https://finance.yahoo.com/news/tier-one-silver-announces-termination-201500449.html,finance.yahoo.com
05/01/2022 - 05/31/2022,https://finance.yahoo.com/news/australias-woolworths-offers-buy-majority-020521627.html,finance.yahoo.com
05/01/2022 - 05/31/2022,https://finance.yahoo.com/news/tontine-investing-one-095500384.html,finance.yahoo.com
05/01/2022 - 05/31/2022,https://finance.yahoo.com/quote/GURE/,finance.yahoo.com
05/01/2022 - 05/31/2022,https://finance.yahoo.com/quote/HAR.V/,finance.yahoo.com
05/01/2022 - 05/31/2022,https://finance.yahoo.com/news/estimating-intrinsic-value-objective-corporation-005303498.html,finance.yahoo.com
06/01/2022 - 06/30/2022,https://finance.yahoo.com/news/nvidia-nvda-stock-sinks-market-214509441.html,finance.yahoo.com
06/01/2022 - 06/30/2022,https://finance.yahoo.com/quote/NVDA.NE/community/,finance.yahoo.com
06/01/2022 - 06/30/2022,https://finance.yahoo.com/trending-tickers?ncid=twitter_yfsocialtw_l1gbd0noiom,finance.yahoo.com
06/01/2022 - 06/30/2022,https://finance.yahoo.com/news/7-founder-led-stocks-buy-220044467.html,finance.yahoo.com
06/01/2022 - 06/30/2022,https://finance.yahoo.com/news/7-undervalued-penny-stocks-buy-114737367.html,finance.yahoo.com
06/01/2022 - 06/30/2022,https://finance.yahoo.com/quote/AOTG/,finance.yahoo.com
06/01/2022 - 06/30/2022,https://finance.yahoo.com/news/13-2-cagr-big-data-103600901.html,finance.yahoo.com
06/01/2022 - 06/30/2022,https://finance.yahoo.com/news/jaw-dropping-stats-state-debt-164144302.html,finance.yahoo.com
06/01/2022 - 06/30/2022,https://finance.yahoo.com/news/buy-stock-split-120000660.html,finance.yahoo.com
06/01/2022 - 06/30/2022,https://finance.yahoo.com/news/tech-stocks-potential-second-leg-down-strategist-says-102733693.html,finance.yahoo.com
06/01/2022 - 06/30/2022,https://finance.yahoo.com/news/too-consider-buying-semiconductor-corporation-165836771.html,finance.yahoo.com
06/01/2022 - 06/30/2022,https://finance.yahoo.com/news/those-invested-tyler-technologies-nyse-105251438.html,finance.yahoo.com
06/01/2022 - 06/30/2022,https://finance.yahoo.com/news/sec-takes-shots-meme-stocks-214847629.html,finance.yahoo.com
07/01/2022 - 07/31/2022,https://finance.yahoo.com/quote/NVDU/,finance.yahoo.com
07/01/2022 - 07/31/2022,https://finance.yahoo.com/news/nancy-pelosi-husband-just-bought-151000595.html,finance.yahoo.com
07/01/2022 - 07/31/2022,https://finance.yahoo.com/quote/NVDU/holdings/,finance.yahoo.com
07/01/2022 - 07/31/2022,https://ca.finance.yahoo.com/quote/NVDS/,finance.yahoo.com
07/01/2022 - 07/31/2022,https://finance.yahoo.com/news/agtc-announces-pricing-10-million-013000025.html,finance.yahoo.com
07/01/2022 - 07/31/2022,https://finance.yahoo.com/news/what-usually-happens-next-to-the-stock-market-plunge-152810310.html,finance.yahoo.com
07/01/2022 - 07/31/2022,https://finance.yahoo.com/calendar/splits?from=2022-07-30&to=2022-08-03&day=2022-08-03,finance.yahoo.com
07/01/2022 - 07/31/2022,https://uk.finance.yahoo.com/quote/GRRR/,finance.yahoo.com
07/01/2022 - 07/31/2022,https://finance.yahoo.com/video/bank-america-cuts-apple-price-203009852.html,finance.yahoo.com
07/01/2022 - 07/31/2022,https://finance.yahoo.com/quote/J90.F/,finance.yahoo.com
07/01/2022 - 07/31/2022,https://finance.yahoo.com/quote/0P0001PBHN.F/performance/,finance.yahoo.com
07/01/2022 - 07/31/2022,https://finance.yahoo.com/quote/MAIA/holders/,finance.yahoo.com
08/01/2022 - 08/31/2022,https://finance.yahoo.com/news/nvidia-stock-thrive-despite-chips-111521498.html,finance.yahoo.com
08/01/2022 - 08/31/2022,https://finance.yahoo.com/trending-tickers?ref=tjournal.ru,finance.yahoo.com
08/01/2022 - 08/31/2022,https://finance.yahoo.com/news/company-built-elon-musks-tiny-133852199.html,finance.yahoo.com
08/01/2022 - 08/31/2022,https://finance.yahoo.com/quote/%5ENDXGEN5/,finance.yahoo.com
08/01/2022 - 08/31/2022,https://finance.yahoo.com/news/mystery-meme-stock-no-one-162000061.html,finance.yahoo.com
08/01/2022 - 08/31/2022,https://finance.yahoo.com/quote/INTC/history?period1=322099200&period2=1661385600&interval=1mo&filter=history&frequency=1mo&includeAdjustedClose=true,finance.yahoo.com
08/01/2022 - 08/31/2022,https://finance.yahoo.com/quote/IWL/,finance.yahoo.com
08/01/2022 - 08/31/2022,"https://finance.yahoo.com/quote/AZN.L,BNP,GLAXF,NAB.AX,NVSDF,RDSA.L,RIO.L,SAN,TEF,VODPF.L/news/?ltr=1",finance.yahoo.com
08/01/2022 - 08/31/2022,https://finance.yahoo.com/quote/BASE/,finance.yahoo.com
08/01/2022 - 08/31/2022,https://finance.yahoo.com/news/rite-aid-rad-moves-7-171205111.html,finance.yahoo.com
08/01/2022 - 08/31/2022,https://finance.yahoo.com/quote/QNST/,finance.yahoo.com
08/01/2022 - 08/31/2022,https://finance.yahoo.com/quote/TIVC/holders/,finance.yahoo.com
08/01/2022 - 08/31/2022,"https://finance.yahoo.com/quote/ARCC,ASA,BIF,CEF,DNY,EVT,JLS,MVT,NPI,SPY/news/?ltr=1",finance.yahoo.com
09/01/2022 - 09/30/2022,"https://finance.yahoo.com/quote/...,FORUMS,GENTOO,NVDA,PRICES,QUOTE,STOCK,TOPIC,VIEW,XBMC/news/?ltr=1",finance.yahoo.com
09/01/2022 - 09/30/2022,https://finance.yahoo.com/screener/predefined/MOST_ACTIVES,finance.yahoo.com
09/01/2022 - 09/30/2022,https://finance.yahoo.com/news/us-deals-heavy-blow-china-100727058.html,finance.yahoo.com
09/01/2022 - 09/30/2022,https://finance.yahoo.com/news/7-best-ai-stocks-buy-142244036.html,finance.yahoo.com
09/01/2022 - 09/30/2022,https://finance.yahoo.com/news/techs-record-breaking-buybacks-matter-for-investors-heres-why-132651345.html,finance.yahoo.com
09/01/2022 - 09/30/2022,https://finance.yahoo.com/news/nvidia-ai-model-get3d-virtual-worlds-objects-130021127.html,finance.yahoo.com
09/01/2022 - 09/30/2022,https://finance.yahoo.com/quote/COFPRF/news/,finance.yahoo.com
09/01/2022 - 09/30/2022,https://finance.yahoo.com/news/evga-stop-making-graphics-cards-063845186.html,finance.yahoo.com
09/01/2022 - 09/30/2022,https://finance.yahoo.com/news/seeking-least-16-dividend-yield-132827689.html,finance.yahoo.com
09/01/2022 - 09/30/2022,https://finance.yahoo.com/news/tech-stocks-matana-is-the-new-faang-analyst-says-145511543.html,finance.yahoo.com
09/01/2022 - 09/30/2022,https://finance.yahoo.com/video/nearly-70-americans-seek-extra-205456971.html,finance.yahoo.com
09/01/2022 - 09/30/2022,https://finance.yahoo.com/quote/STRV/,finance.yahoo.com
09/01/2022 - 09/30/2022,https://finance.yahoo.com/news/nike-christmas-season-earnings-analyst-explains-115219729.html,finance.yahoo.com
10/01/2022 - 10/31/2022,https://ca.finance.yahoo.com/quote/NVDA.NE/community/,finance.yahoo.com
10/01/2022 - 10/31/2022,https://finance.yahoo.com/video/nvidia-alphabet-gain-mega-cap-140251321.html,finance.yahoo.com
10/01/2022 - 10/31/2022,https://finance.yahoo.com/news/top-25-qqq-stocks-index-185220505.html,finance.yahoo.com
10/01/2022 - 10/31/2022,"https://finance.yahoo.com/quote/COF,GRMN,HPQ,NVDA,NYMX,OSTK,OXGN,SPLS,TIVO/news/?ltr=1",finance.yahoo.com
10/01/2022 - 10/31/2022,https://finance.yahoo.com/news/numbers-list-ranked-multi-millionaire-211532098.html,finance.yahoo.com
10/01/2022 - 10/31/2022,https://finance.yahoo.com/news/stock-market-today-dow-slips-161641475.html,finance.yahoo.com
10/01/2022 - 10/31/2022,https://finance.yahoo.com/news/rigetti-ceo-chad-rigetti-relinquishes-165227027.html,finance.yahoo.com
10/01/2022 - 10/31/2022,https://finance.yahoo.com/news/us-stocks-nasdaq-falls-u-144533476.html,finance.yahoo.com
10/01/2022 - 10/31/2022,https://finance.yahoo.com/news/shareholders-may-not-want-ignore-110023411.html,finance.yahoo.com
10/01/2022 - 10/31/2022,https://finance.yahoo.com/news/think-buying-gatx-corporation-nyse-164648338.html,finance.yahoo.com
10/01/2022 - 10/31/2022,https://finance.yahoo.com/quote/US03831W1080.SG/,finance.yahoo.com
10/01/2022 - 10/31/2022,https://finance.yahoo.com/news/elevance-health-choose-predictably-194932987.html,finance.yahoo.com
10/01/2022 - 10/31/2022,https://finance.yahoo.com/quote/US500255AV6.DU/,finance.yahoo.com
11/01/2022 - 11/30/2022,https://finance.yahoo.com/news/nvidia-affordable-first-time-years-175107346.html,finance.yahoo.com
11/01/2022 - 11/30/2022,https://finance.yahoo.com/news/nvidia-etfs-focus-ahead-q3-161004873.html,finance.yahoo.com
11/01/2022 - 11/30/2022,https://finance.yahoo.com/news/jim-cramer-stock-portfolio-10-231153747.html,finance.yahoo.com
11/01/2022 - 11/30/2022,https://finance.yahoo.com/news/harvard-university-stock-portfolio-top-135428465.html,finance.yahoo.com
11/01/2022 - 11/30/2022,https://finance.yahoo.com/news/press-digest-financial-times-nov-004424141.html,finance.yahoo.com
11/01/2022 - 11/30/2022,https://finance.yahoo.com/news/12-best-nancy-pelosi-stocks-142802747.html,finance.yahoo.com
11/01/2022 - 11/30/2022,https://finance.yahoo.com/video/stocks-focus-walmart-macy-target-214029625.html,finance.yahoo.com
11/01/2022 - 11/30/2022,https://finance.yahoo.com/news/obama-stock-portfolio-10-returns-191705064.html,finance.yahoo.com
11/01/2022 - 11/30/2022,https://finance.yahoo.com/news/que-capital-genz-started-equity-233710749.html,finance.yahoo.com
11/01/2022 - 11/30/2022,https://finance.yahoo.com/news/why-godaddy-gddy-top-growth-144502253.html,finance.yahoo.com
11/01/2022 - 11/30/2022,https://finance.yahoo.com/news/cinedigm-report-second-quarter-fiscal-133000174.html,finance.yahoo.com
11/01/2022 - 11/30/2022,https://finance.yahoo.com/news/crypto-exchange-bullish-says-no-112444502.html,finance.yahoo.com
11/01/2022 - 11/30/2022,https://finance.yahoo.com/news/shareholders-heidelberger-druckmaschinen-etr-hdd-054839875.html,finance.yahoo.com
12/01/2022 - 12/31/2022,https://finance.yahoo.com/video/nvidia-stock-set-close-2022-204137694.html,finance.yahoo.com
12/01/2022 - 12/31/2022,https://finance.yahoo.com/news/nvidia-corporations-nasdaq-nvda-p-110050188.html,finance.yahoo.com
12/01/2022 - 12/31/2022,https://finance.yahoo.com/news/nvidia-nvda-vs-taiwan-semiconductor-024602564.html,finance.yahoo.com
12/01/2022 - 12/31/2022,https://finance.yahoo.com/news/options-traders-betting-big-move-141502193.html,finance.yahoo.com
12/01/2022 - 12/31/2022,https://sg.finance.yahoo.com/quote/NVDL/,finance.yahoo.com
12/01/2022 - 12/31/2022,https://finance.yahoo.com/news/15-stocks-members-congress-own-201519706.html,finance.yahoo.com
12/01/2022 - 12/31/2022,https://finance.yahoo.com/news/10-best-artificial-intelligence-stocks-184629851.html,finance.yahoo.com
12/01/2022 - 12/31/2022,https://finance.yahoo.com/news/10-best-quantum-computing-stocks-191516385.html,finance.yahoo.com
12/01/2022 - 12/31/2022,https://finance.yahoo.com/news/why-some-of-our-best-company-picks-didnt-stay-that-way-050200780.html,finance.yahoo.com
12/01/2022 - 12/31/2022,https://finance.yahoo.com/news/chamath-palihapitiya-stocks-10-stocks-160502053.html,finance.yahoo.com
12/01/2022 - 12/31/2022,https://finance.yahoo.com/news/20-biggest-companies-sponsor-h1b-122007815.html,finance.yahoo.com
12/01/2022 - 12/31/2022,https://finance.yahoo.com/news/mark-cuban-stock-portfolio-10-211950824.html,finance.yahoo.com
12/01/2022 - 12/31/2022,https://finance.yahoo.com/news/us-stocks-wall-st-rallies-211955918.html,finance.yahoo.com
01/01/2023 - 01/31/2023,https://finance.yahoo.com/news/11-best-performing-p-500-155906745.html,finance.yahoo.com
01/01/2023 - 01/31/2023,https://finance.yahoo.com/news/nvidia-foxconn-joined-forces-build-124325422.html,finance.yahoo.com
01/01/2023 - 01/31/2023,https://finance.yahoo.com/news/12-best-performing-p-500-153949541.html,finance.yahoo.com
01/01/2023 - 01/31/2023,https://finance.yahoo.com/news/invest-chatgpt-t-3-ai-111522686.html,finance.yahoo.com
01/01/2023 - 01/31/2023,https://finance.yahoo.com/news/20-stocks-aggressively-buying-back-123739846.html,finance.yahoo.com
01/01/2023 - 01/31/2023,https://finance.yahoo.com/news/12-best-drip-stocks-own-150032179.html,finance.yahoo.com
01/01/2023 - 01/31/2023,https://finance.yahoo.com/news/list-ai-healthcare-stocks-145910545.html,finance.yahoo.com
01/01/2023 - 01/31/2023,https://finance.yahoo.com/news/13-cheap-drip-stocks-buy-145136880.html,finance.yahoo.com
01/01/2023 - 01/31/2023,https://finance.yahoo.com/news/12-best-holding-company-stocks-155226994.html,finance.yahoo.com
01/01/2023 - 01/31/2023,https://finance.yahoo.com/news/some-stock-market-charts-to-consider-as-we-look-forward-171700592.html,finance.yahoo.com
01/01/2023 - 01/31/2023,https://finance.yahoo.com/news/2-highly-ranked-stocks-buy-173605138.html,finance.yahoo.com
01/01/2023 - 01/31/2023,https://finance.yahoo.com/news/morning-news-call-canada-january-125258048.html,finance.yahoo.com
01/01/2023 - 01/31/2023,https://au.finance.yahoo.com/news/nvidia-unveils-rtx-4070-ti-161558312.html,finance.yahoo.com
02/01/2023 - 02/28/2023,https://finance.yahoo.com/news/7-sorry-semiconductor-stocks-sell-000716121.html,finance.yahoo.com
02/01/2023 - 02/28/2023,https://finance.yahoo.com/news/15-most-promising-qqq-stocks-193849815.html,finance.yahoo.com
02/01/2023 - 02/28/2023,https://finance.yahoo.com/news/able-same-stop-getting-frustrated-140000978.html,finance.yahoo.com
02/01/2023 - 02/28/2023,https://finance.yahoo.com/news/top-10-global-risks-2023-132007213.html,finance.yahoo.com
02/01/2023 - 02/28/2023,https://finance.yahoo.com/news/3-magnificent-mutual-funds-maximize-130001627.html,finance.yahoo.com
02/01/2023 - 02/28/2023,https://finance.yahoo.com/news/retail-investors-record-inflows-us-stock-market-193801422.html,finance.yahoo.com
02/01/2023 - 02/28/2023,https://finance.yahoo.com/news/raoul-pal-says-ai-could-become-the-biggest-bubble-of-all-time-morning-brief-103046757.html,finance.yahoo.com
02/01/2023 - 02/28/2023,https://finance.yahoo.com/news/artificial-intelligence-ai-chip-market-142600980.html,finance.yahoo.com
02/01/2023 - 02/28/2023,https://finance.yahoo.com/news/heres-why-sensata-st-strong-144002939.html,finance.yahoo.com
02/01/2023 - 02/28/2023,https://finance.yahoo.com/quote/NANC/,finance.yahoo.com
02/01/2023 - 02/28/2023,https://finance.yahoo.com/news/top-stock-reports-sap-northrop-215909852.html,finance.yahoo.com
02/01/2023 - 02/28/2023,https://finance.yahoo.com/quote/8GM.F/,finance.yahoo.com
02/01/2023 - 02/28/2023,https://finance.yahoo.com/news/soccer-qatari-investors-set-bid-032757160.html,finance.yahoo.com
03/01/2023 - 03/31/2023,https://finance.yahoo.com/news/7-hot-stocks-turn-1-215119680.html,finance.yahoo.com
03/01/2023 - 03/31/2023,https://finance.yahoo.com/news/10-stocks-chatgpt-says-rich-143852562.html,finance.yahoo.com
03/01/2023 - 03/31/2023,https://finance.yahoo.com/news/3-ai-stocks-revolutionizing-auto-195619740.html,finance.yahoo.com
03/01/2023 - 03/31/2023,https://finance.yahoo.com/news/2-semiconductor-stocks-buy-reasonable-200908024.html,finance.yahoo.com
03/01/2023 - 03/31/2023,https://finance.yahoo.com/news/7-best-stocks-buy-sideways-230135654.html,finance.yahoo.com
03/01/2023 - 03/31/2023,https://finance.yahoo.com/news/motley-fool-high-growth-stock-124139620.html,finance.yahoo.com
03/01/2023 - 03/31/2023,https://finance.yahoo.com/news/forget-tesla-biggest-tech-opportunities-220000980.html,finance.yahoo.com
03/01/2023 - 03/31/2023,https://finance.yahoo.com/quote/META.NE/news/,finance.yahoo.com
03/01/2023 - 03/31/2023,https://finance.yahoo.com/quote/MRVL/,finance.yahoo.com
03/01/2023 - 03/31/2023,https://finance.yahoo.com/news/investors-expect-2023-q1-earnings-225210606.html,finance.yahoo.com
03/01/2023 - 03/31/2023,https://finance.yahoo.com/news/time-pick-soxx-150000550.html,finance.yahoo.com
03/01/2023 - 03/31/2023,https://finance.yahoo.com/quote/AMD.BA/,finance.yahoo.com
03/01/2023 - 03/31/2023,https://finance.yahoo.com/news/ai-tool-named-warren-buffett-013213073.html,finance.yahoo.com
04/01/2023 - 04/30/2023,https://finance.yahoo.com/news/10-best-semiconductor-equipment-stocks-190054202.html,finance.yahoo.com
04/01/2023 - 04/30/2023,https://finance.yahoo.com/news/7-best-semiconductor-stocks-ai-182714874.html,finance.yahoo.com
04/01/2023 - 04/30/2023,https://finance.yahoo.com/news/15-stocks-10x-5-years-173029855.html,finance.yahoo.com
04/01/2023 - 04/30/2023,https://finance.yahoo.com/news/7-most-innovative-stocks-invest-200044914.html,finance.yahoo.com
04/01/2023 - 04/30/2023,https://finance.yahoo.com/news/7-best-robotics-stocks-buy-180726165.html,finance.yahoo.com
04/01/2023 - 04/30/2023,https://finance.yahoo.com/news/10-best-faang-stocks-buy-123935017.html,finance.yahoo.com
04/01/2023 - 04/30/2023,https://finance.yahoo.com/news/11-best-fast-money-stocks-170756914.html,finance.yahoo.com
04/01/2023 - 04/30/2023,https://finance.yahoo.com/news/10-best-edge-computing-stocks-103006542.html,finance.yahoo.com
04/01/2023 - 04/30/2023,https://finance.yahoo.com/quote/NVGS/,finance.yahoo.com
04/01/2023 - 04/30/2023,https://finance.yahoo.com/news/3-artificial-intelligence-stocks-watch-131101303.html,finance.yahoo.com
04/01/2023 - 04/30/2023,https://finance.yahoo.com/news/could-the-stock-market-power-through-a-recession-this-would-be-rare-191840412.html,finance.yahoo.com
04/01/2023 - 04/30/2023,https://finance.yahoo.com/quote/INTC.NE/holders/,finance.yahoo.com
04/01/2023 - 04/30/2023,https://finance.yahoo.com/quote/IONQ/,finance.yahoo.com
05/01/2023 - 05/31/2023,https://finance.yahoo.com/news/nvidia-stock-explodes-after-guidance-for-the-ages-what-wall-street-is-saying-120105455.html,finance.yahoo.com
05/01/2023 - 05/31/2023,https://finance.yahoo.com/news/theres-an-ai-war-and-nvidia-is-the-only-arms-dealer-analyst-174654030.html,finance.yahoo.com
05/01/2023 - 05/31/2023,https://finance.yahoo.com/news/cathie-wood-calls-nvidia-stock-overpriced-after-missing-2023-rally-134528552.html,finance.yahoo.com
05/01/2023 - 05/31/2023,https://finance.yahoo.com/quote/NVDD.XD/options/,finance.yahoo.com
05/01/2023 - 05/31/2023,https://finance.yahoo.com/news/nvidia-ignites-ai-related-stock-230804470.html,finance.yahoo.com
05/01/2023 - 05/31/2023,https://finance.yahoo.com/news/nvidia-debuts-new-ai-supercomputers-and-services-after-shares-skyrocket-141021034.html,finance.yahoo.com
05/01/2023 - 05/31/2023,https://finance.yahoo.com/news/nvidia-rise-ai-powerhouse-explained-180518517.html,finance.yahoo.com
05/01/2023 - 05/31/2023,https://finance.yahoo.com/news/7-stocks-could-first-10-014434792.html,finance.yahoo.com
05/01/2023 - 05/31/2023,https://finance.yahoo.com/news/megacap-tech-stocks-nvidia-meta-174158051.html,finance.yahoo.com
05/01/2023 - 05/31/2023,https://finance.yahoo.com/news/nvidia-soars-record-ai-boom-201856331.html,finance.yahoo.com
05/01/2023 - 05/31/2023,https://finance.yahoo.com/news/billionaire-ken-fisher-top-10-231527952.html,finance.yahoo.com
05/01/2023 - 05/31/2023,https://finance.yahoo.com/news/7-stocks-ai-predicts-rich-160937425.html,finance.yahoo.com
05/01/2023 - 05/31/2023,https://finance.yahoo.com/news/nvidia-ceo-just-gave-graduation-183507133.html,finance.yahoo.com
06/01/2023 - 06/30/2023,https://finance.yahoo.com/news/nvidia-dgx-workhorse-ai-drive-173500428.html,finance.yahoo.com
06/01/2023 - 06/30/2023,https://finance.yahoo.com/news/7-chip-stocks-buy-missed-001827212.html,finance.yahoo.com
06/01/2023 - 06/30/2023,https://finance.yahoo.com/news/ai-chip-stocks-more-room-203615173.html,finance.yahoo.com
06/01/2023 - 06/30/2023,https://finance.yahoo.com/news/nvidia-leads-selloff-report-more-025715966.html,finance.yahoo.com
06/01/2023 - 06/30/2023,https://sg.finance.yahoo.com/news/tesla-nvidia-meta-us-stocks-060701948.html,finance.yahoo.com
06/01/2023 - 06/30/2023,https://finance.yahoo.com/quote/NVDY/performance/,finance.yahoo.com
06/01/2023 - 06/30/2023,https://finance.yahoo.com/news/ai-boom-gets-fresh-gut-032636062.html,finance.yahoo.com
06/01/2023 - 06/30/2023,https://finance.yahoo.com/news/5-top-ranked-ai-stocks-123200134.html,finance.yahoo.com
06/01/2023 - 06/30/2023,https://finance.yahoo.com/news/bet-3-artificial-intelligence-stocks-140700561.html,finance.yahoo.com
06/01/2023 - 06/30/2023,https://finance.yahoo.com/news/nvidia-ceo-plans-trip-meet-161146527.html,finance.yahoo.com
06/01/2023 - 06/30/2023,https://finance.yahoo.com/news/ark-invests-cathie-wood-betting-162436150.html,finance.yahoo.com
06/01/2023 - 06/30/2023,https://finance.yahoo.com/news/10-tech-stocks-benefiting-ai-212410753.html,finance.yahoo.com
06/01/2023 - 06/30/2023,https://finance.yahoo.com/news/oracle-spending-billions-nvidia-chips-224222975.html,finance.yahoo.com
07/01/2023 - 07/31/2023,https://finance.yahoo.com/news/invested-1000-nvidia-10-years-123005265.html,finance.yahoo.com
07/01/2023 - 07/31/2023,https://finance.yahoo.com/news/nvidia-corp-nvda-comprehensive-gf-200155819.html,finance.yahoo.com
07/01/2023 - 07/31/2023,https://finance.yahoo.com/news/nvidia-corp-nvda-comprehensive-gf-192712212.html,finance.yahoo.com
07/01/2023 - 07/31/2023,https://finance.yahoo.com/news/nvidia-corporation-nvda-key-beneficiary-080552684.html,finance.yahoo.com
07/01/2023 - 07/31/2023,https://finance.yahoo.com/news/3-ai-stocks-skyrocket-2025-222419017.html,finance.yahoo.com
07/01/2023 - 07/31/2023,https://finance.yahoo.com/news/10-best-semiconductor-stocks-buy-180417752.html,finance.yahoo.com
07/01/2023 - 07/31/2023,https://finance.yahoo.com/news/tesla-ceo-elon-musk-were-using-a-lot-of-nvidia-hardware-174620935.html,finance.yahoo.com
07/01/2023 - 07/31/2023,https://finance.yahoo.com/news/3-artificial-intelligence-stocks-ai-190035930.html,finance.yahoo.com
07/01/2023 - 07/31/2023,https://finance.yahoo.com/news/13-best-big-tech-stocks-184145404.html,finance.yahoo.com
07/01/2023 - 07/31/2023,https://finance.yahoo.com/news/10-best-artificial-intelligence-stocks-203440673.html,finance.yahoo.com
07/01/2023 - 07/31/2023,https://finance.yahoo.com/news/10-stocks-skyrocket-194314776.html,finance.yahoo.com
07/01/2023 - 07/31/2023,https://finance.yahoo.com/news/25-most-owned-stocks-hedge-195804672.html,finance.yahoo.com
07/01/2023 - 07/31/2023,https://finance.yahoo.com/news/12-best-machine-learning-stocks-204712167.html,finance.yahoo.com
08/01/2023 - 08/31/2023,https://finance.yahoo.com/news/nvidia-corp-nvda-significantly-overvalued-153452801.html,finance.yahoo.com
08/01/2023 - 08/31/2023,https://finance.yahoo.com/news/nvidia-corp-significantly-overvalued-detailed-163348977.html,finance.yahoo.com
08/01/2023 - 08/31/2023,https://finance.yahoo.com/news/nvidia-is-the-ai-king-but-threats-to-its-reign-abound-144635363.html,finance.yahoo.com
08/01/2023 - 08/31/2023,https://finance.yahoo.com/news/nvidia-stock-hype-is-out-of-control-meaning-investors-may-be-overlooking-this-one-key-risk-122253540.html,finance.yahoo.com
08/01/2023 - 08/31/2023,https://finance.yahoo.com/news/nvidias-stock-significantly-overvalued-comprehensive-153650007.html,finance.yahoo.com
08/01/2023 - 08/31/2023,https://finance.yahoo.com/news/hedging-bets-2-best-ways-162133590.html,finance.yahoo.com
08/01/2023 - 08/31/2023,https://finance.yahoo.com/news/nvidia-to-wall-street-what-supply-problems-190144711.html,finance.yahoo.com
08/01/2023 - 08/31/2023,https://finance.yahoo.com/news/nvidia-corp-nvda-significantly-overvalued-163753714.html,finance.yahoo.com
08/01/2023 - 08/31/2023,https://finance.yahoo.com/news/nvidia-significantly-overvalued-detailed-valuation-163354063.html,finance.yahoo.com
08/01/2023 - 08/31/2023,https://ca.finance.yahoo.com/research/reports/MS_0P000003RE_AnalystReport_1738008885000,finance.yahoo.com
08/01/2023 - 08/31/2023,https://finance.yahoo.com/news/nvidia-corporation-nasdaq-nvda-q2-151348854.html,finance.yahoo.com
08/01/2023 - 08/31/2023,https://finance.yahoo.com/news/nvidia-corp-nvda-robust-performer-230512472.html,finance.yahoo.com
08/01/2023 - 08/31/2023,https://finance.yahoo.com/news/returns-capital-nvidia-nasdaq-nvda-110040215.html,finance.yahoo.com
09/01/2023 - 09/30/2023,https://finance.yahoo.com/news/the-ai-market-will-be-worth-600-billion-nvidia-exec-says-205624352.html,finance.yahoo.com
09/01/2023 - 09/30/2023,https://finance.yahoo.com/news/unveiling-nvidia-nvda-value-really-163312721.html,finance.yahoo.com
09/01/2023 - 09/30/2023,https://finance.yahoo.com/news/ark-invests-cathie-wood-says-192128320.html,finance.yahoo.com
09/01/2023 - 09/30/2023,https://finance.yahoo.com/news/unveiling-nvidia-nvda-value-really-153739485.html,finance.yahoo.com
09/01/2023 - 09/30/2023,https://finance.yahoo.com/news/nvidia-vs-lam-research-hot-002450761.html,finance.yahoo.com
09/01/2023 - 09/30/2023,https://finance.yahoo.com/quote/NVDA260116C00120000/,finance.yahoo.com
09/01/2023 - 09/30/2023,https://finance.yahoo.com/quote/NVDU/performance/,finance.yahoo.com
09/01/2023 - 09/30/2023,https://finance.yahoo.com/quote/NVDU/profile/,finance.yahoo.com
09/01/2023 - 09/30/2023,https://finance.yahoo.com/quote/NVDU/options/,finance.yahoo.com
09/01/2023 - 09/30/2023,https://finance.yahoo.com/news/12-best-affordable-tech-stocks-123154624.html,finance.yahoo.com
09/01/2023 - 09/30/2023,https://finance.yahoo.com/news/semiconductor-market-share-company-top-212430631.html,finance.yahoo.com
09/01/2023 - 09/30/2023,https://finance.yahoo.com/news/investor-gold-rush-7-must-111054883.html,finance.yahoo.com
09/01/2023 - 09/30/2023,https://finance.yahoo.com/news/luke-lango-just-sold-ai-225338406.html,finance.yahoo.com
10/01/2023 - 10/31/2023,https://finance.yahoo.com/news/going-all-in-with-nvidia-how-jensen-huangs-high-stakes-bets-paid-off-113053891.html,finance.yahoo.com
10/01/2023 - 10/31/2023,https://finance.yahoo.com/news/invested-1k-nvidia-chatgpt-released-181925424.html,finance.yahoo.com
10/01/2023 - 10/31/2023,https://finance.yahoo.com/news/nvidia-one-tech-hottest-companies-194442969.html,finance.yahoo.com
10/01/2023 - 10/31/2023,https://finance.yahoo.com/news/nvidia-cofounder-jensen-huang-says-121112803.html,finance.yahoo.com
10/01/2023 - 10/31/2023,https://finance.yahoo.com/news/yahoo-finances-next-how-rivals-are-taking-on-nvidia-in-the-ai-chip-race-192451341.html,finance.yahoo.com
10/01/2023 - 10/31/2023,https://finance.yahoo.com/video/why-nvidias-hold-ai-chip-152406471.html,finance.yahoo.com
10/01/2023 - 10/31/2023,https://finance.yahoo.com/news/nvidia-nvda-down-5-chip-114500400.html,finance.yahoo.com
10/01/2023 - 10/31/2023,https://finance.yahoo.com/news/nvidia-thought-found-way-around-130504813.html,finance.yahoo.com
10/01/2023 - 10/31/2023,https://finance.yahoo.com/news/a-new-phase-of-the-ai-race-is-coming--and-chip-startup-d-matrix-could-be-the-winner-115849595.html,finance.yahoo.com
10/01/2023 - 10/31/2023,https://finance.yahoo.com/news/intel-ceo-why-he-isnt-scared-of-nvidia-or-qualcomm-pc-chips-165734345.html,finance.yahoo.com
10/01/2023 - 10/31/2023,https://finance.yahoo.com/news/7-ai-stocks-change-world-223425995.html,finance.yahoo.com
10/01/2023 - 10/31/2023,https://finance.yahoo.com/quote/NVDX/community/,finance.yahoo.com
10/01/2023 - 10/31/2023,https://finance.yahoo.com/news/12-best-artificial-intelligence-ai-180941508.html,finance.yahoo.com
11/01/2023 - 11/30/2023,https://finance.yahoo.com/news/decoding-nvidia-corp-nvda-strategic-051307597.html,finance.yahoo.com
11/01/2023 - 11/30/2023,https://finance.yahoo.com/news/nvidia-corporation-nasdaq-nvda-q3-185835099.html,finance.yahoo.com
11/01/2023 - 11/30/2023,https://finance.yahoo.com/news/3-stocks-buy-proximity-nvidia-193550007.html,finance.yahoo.com
11/01/2023 - 11/30/2023,https://finance.yahoo.com/news/forecasts-heres-analysts-think-future-121433503.html,finance.yahoo.com
11/01/2023 - 11/30/2023,https://finance.yahoo.com/news/nvidia-corp-nvda-reports-record-221216777.html,finance.yahoo.com
11/01/2023 - 11/30/2023,https://finance.yahoo.com/news/nvda-vs-amd-chip-stock-185223275.html,finance.yahoo.com
11/01/2023 - 11/30/2023,https://finance.yahoo.com/news/looking-next-nvidia-try-3-142728632.html,finance.yahoo.com
11/01/2023 - 11/30/2023,https://finance.yahoo.com/news/nvidia-investors-ho-hum-reaction-213957076.html,finance.yahoo.com
11/01/2023 - 11/30/2023,https://finance.yahoo.com/news/big-short-investor-michael-burry-013546162.html,finance.yahoo.com
11/01/2023 - 11/30/2023,https://finance.yahoo.com/news/jim-cramer-top-10-stock-160031430.html,finance.yahoo.com
11/01/2023 - 11/30/2023,https://finance.yahoo.com/news/nvidias-ai-chip-glory-gets-213139324.html,finance.yahoo.com
11/01/2023 - 11/30/2023,https://finance.yahoo.com/news/13-best-stocks-under-50-130224989.html,finance.yahoo.com
11/01/2023 - 11/30/2023,https://finance.yahoo.com/news/faang-becomes-magnificent-seven-200000218.html,finance.yahoo.com
12/01/2023 - 12/31/2023,https://finance.yahoo.com/news/5-things-know-nvidia-stock-103000799.html,finance.yahoo.com
12/01/2023 - 12/31/2023,https://finance.yahoo.com/news/nvidia-corporation-nvda-stock-tripled-131846035.html,finance.yahoo.com
12/01/2023 - 12/31/2023,https://finance.yahoo.com/news/better-artificial-intelligence-ai-stock-114500675.html,finance.yahoo.com
12/01/2023 - 12/31/2023,https://finance.yahoo.com/news/nvidia-nvda-243-ytd-carry-133100920.html,finance.yahoo.com
12/01/2023 - 12/31/2023,https://finance.yahoo.com/news/230-3-reasons-nvidia-stock-130000215.html,finance.yahoo.com
12/01/2023 - 12/31/2023,https://finance.yahoo.com/news/nvidia-stock-nasdaq-nvda-buy-235941251.html,finance.yahoo.com
12/01/2023 - 12/31/2023,https://finance.yahoo.com/news/better-artificial-intelligence-ai-stock-133000700.html,finance.yahoo.com
12/01/2023 - 12/31/2023,https://finance.yahoo.com/video/options-play-nvidia-154240470.html,finance.yahoo.com
12/01/2023 - 12/31/2023,https://finance.yahoo.com/news/heres-why-nvidia-amd-set-164800761.html,finance.yahoo.com
12/01/2023 - 12/31/2023,https://finance.yahoo.com/news/2-reasons-why-amd-better-105000453.html,finance.yahoo.com
12/01/2023 - 12/31/2023,https://finance.yahoo.com/news/nvidia-ceo-jensen-huangs-wealth-181120209.html,finance.yahoo.com
12/01/2023 - 12/31/2023,https://finance.yahoo.com/news/elon-musk-wanted-way-more-214202510.html,finance.yahoo.com
12/01/2023 - 12/31/2023,https://finance.yahoo.com/news/14-most-profitable-large-cap-134400668.html,finance.yahoo.com
01/01/2024 - 01/31/2024,https://finance.yahoo.com/news/nvidia-stock-hits-all-time-high-as-ai-craze-rolls-on-183354730.html,finance.yahoo.com
01/01/2024 - 01/31/2024,https://finance.yahoo.com/news/nvidia-corporation-nvda-stock-rocketed-080753404.html,finance.yahoo.com
01/01/2024 - 01/31/2024,https://finance.yahoo.com/news/where-nvidia-stock-5-years-145000376.html,finance.yahoo.com
01/01/2024 - 01/31/2024,https://finance.yahoo.com/news/could-investing-20-000-nvidia-113700970.html,finance.yahoo.com
01/01/2024 - 01/31/2024,https://finance.yahoo.com/news/earn-500-month-nvidia-stock-150157937.html,finance.yahoo.com
01/01/2024 - 01/31/2024,https://finance.yahoo.com/news/nvidia-incredible-3-chip-stocks-121500417.html,finance.yahoo.com
01/01/2024 - 01/31/2024,https://finance.yahoo.com/news/why-nvidia-stock-skyrocketed-239-172504224.html,finance.yahoo.com
01/01/2024 - 01/31/2024,https://finance.yahoo.com/news/nancy-pelosi-made-500-000-140722196.html,finance.yahoo.com
01/01/2024 - 01/31/2024,https://finance.yahoo.com/news/deceptive-tactic-nancy-pelosi-disclosed-180000159.html,finance.yahoo.com
01/01/2024 - 01/31/2024,https://finance.yahoo.com/news/better-ai-stock-nvidia-vs-085700574.html,finance.yahoo.com
01/01/2024 - 01/31/2024,https://finance.yahoo.com/news/nvidia-debuts-rtx-40-super-chips-to-power-gaming-and-ai-efforts-at-ces-2024-163052059.html,finance.yahoo.com
01/01/2024 - 01/31/2024,https://finance.yahoo.com/news/nvidias-rivals-are-circling-but-theyre-still-years-from-catching-up-211621835.html,finance.yahoo.com
01/01/2024 - 01/31/2024,https://finance.yahoo.com/news/nvidia-red-hot-2024-start-133000821.html,finance.yahoo.com
02/01/2024 - 02/29/2024,https://finance.yahoo.com/news/investors-piling-nvidia-stock-nvidia-140000490.html,finance.yahoo.com
02/01/2024 - 02/29/2024,https://sg.finance.yahoo.com/quote/NVDA/history/,finance.yahoo.com
02/01/2024 - 02/29/2024,https://finance.yahoo.com/news/nvidia-now-worth-much-whole-010315545.html,finance.yahoo.com
02/01/2024 - 02/29/2024,https://finance.yahoo.com/news/10k-invested-nvidia-10-years-183209892.html,finance.yahoo.com
02/01/2024 - 02/29/2024,https://finance.yahoo.com/news/nvidias-investments-in-these-ai-companies-sent-their-stocks-soaring-165359819.html,finance.yahoo.com
02/01/2024 - 02/29/2024,https://finance.yahoo.com/news/nvidia-still-hot-2-artificial-101500287.html,finance.yahoo.com
02/01/2024 - 02/29/2024,https://finance.yahoo.com/news/nvidias-stock-market-value-verge-190519685.html,finance.yahoo.com
02/01/2024 - 02/29/2024,https://finance.yahoo.com/news/nvidia-corp-nvda-shatters-records-215227111.html,finance.yahoo.com
02/01/2024 - 02/29/2024,https://finance.yahoo.com/news/soon-nvidia-stock-hit-1-120000580.html,finance.yahoo.com
02/01/2024 - 02/29/2024,https://finance.yahoo.com/news/forget-nvidia-stock-poised-potential-103000007.html,finance.yahoo.com
02/01/2024 - 02/29/2024,https://finance.yahoo.com/news/1-big-problem-nvidias-rising-095500270.html,finance.yahoo.com
02/01/2024 - 02/29/2024,https://finance.yahoo.com/news/nvidia-earnings-will-put-an-entire-stock-market-meme-to-the-test-again-110050328.html,finance.yahoo.com
02/01/2024 - 02/29/2024,https://finance.yahoo.com/news/yep-you-are-living-in-a-nvidia-led-tech-bubble-110014738.html,finance.yahoo.com
03/01/2024 - 03/31/2024,https://finance.yahoo.com/news/heres-big-reason-nvidia-stock-105800160.html,finance.yahoo.com
03/01/2024 - 03/31/2024,https://finance.yahoo.com/news/nvidia-worth-more-apple-2030-130800120.html,finance.yahoo.com
03/01/2024 - 03/31/2024,https://finance.yahoo.com/news/nvidia-become-worlds-largest-company-110000595.html,finance.yahoo.com
03/01/2024 - 03/31/2024,https://finance.yahoo.com/news/nvidia-just-bought-5-artificial-102900225.html,finance.yahoo.com
03/01/2024 - 03/31/2024,https://finance.yahoo.com/news/invested-1-000-artificial-intelligence-084100106.html,finance.yahoo.com
03/01/2024 - 03/31/2024,https://finance.yahoo.com/news/3-dangerous-myths-nvidia-stock-114500679.html,finance.yahoo.com
03/01/2024 - 03/31/2024,https://finance.yahoo.com/news/stock-split-watch-nvidia-next-131300481.html,finance.yahoo.com
03/01/2024 - 03/31/2024,https://finance.yahoo.com/news/believe-not-nvidia-stock-nasdaq-011845331.html,finance.yahoo.com
03/01/2024 - 03/31/2024,https://finance.yahoo.com/news/nvidia-stock-buy-143000315.html,finance.yahoo.com
03/01/2024 - 03/31/2024,https://finance.yahoo.com/news/where-nvidia-stock-1-081500442.html,finance.yahoo.com
03/01/2024 - 03/31/2024,https://finance.yahoo.com/news/not-impossible-nvidia-stock-hit-151621891.html,finance.yahoo.com
03/01/2024 - 03/31/2024,https://finance.yahoo.com/news/isn-t-nvidia-nasdaq-nvda-032248694.html,finance.yahoo.com
03/01/2024 - 03/31/2024,https://finance.yahoo.com/news/1-top-ai-stock-buy-125000581.html,finance.yahoo.com
04/01/2024 - 04/30/2024,https://finance.yahoo.com/news/exactly-does-nvidia-154100883.html,finance.yahoo.com
04/01/2024 - 04/30/2024,https://finance.yahoo.com/quote/NVDA/fair-value/,finance.yahoo.com
04/01/2024 - 04/30/2024,https://finance.yahoo.com/news/nvidia-stock-nasdaq-nvda-more-053240502.html,finance.yahoo.com
04/01/2024 - 04/30/2024,https://finance.yahoo.com/news/us-877-nvidia-corporation-nasdaq-140038268.html,finance.yahoo.com
04/01/2024 - 04/30/2024,https://finance.yahoo.com/news/better-magnificent-seven-stock-nvidia-101400798.html,finance.yahoo.com
04/01/2024 - 04/30/2024,https://finance.yahoo.com/news/forget-nvidia-billionaires-selling-buying-093500895.html,finance.yahoo.com
04/01/2024 - 04/30/2024,https://finance.yahoo.com/news/2-artificial-intelligence-ai-stocks-130000045.html,finance.yahoo.com
04/01/2024 - 04/30/2024,https://finance.yahoo.com/news/nvidia-nvda-accounted-24-p-130745015.html,finance.yahoo.com
04/01/2024 - 04/30/2024,https://finance.yahoo.com/news/analyst-revamps-nvidia-stock-price-000300513.html,finance.yahoo.com
04/01/2024 - 04/30/2024,https://finance.yahoo.com/news/why-nvidias-stock-sell-off-matters-and-what-people-are-saying-about-it-123044984.html,finance.yahoo.com
04/01/2024 - 04/30/2024,https://finance.yahoo.com/news/nvidia-nvda-solid-buy-squashes-121900955.html,finance.yahoo.com
04/01/2024 - 04/30/2024,https://finance.yahoo.com/news/nvidia-corporations-nasdaq-nvda-stock-110019738.html,finance.yahoo.com
04/01/2024 - 04/30/2024,https://ca.finance.yahoo.com/news/missed-nvidia-best-ai-stock-003000503.html,finance.yahoo.com
05/01/2024 - 05/31/2024,https://finance.yahoo.com/news/nvidia-stock-258-upside-impenetrable-004136396.html,finance.yahoo.com
05/01/2024 - 05/31/2024,https://finance.yahoo.com/news/nvidia-stock-pops-9-tops-1000-after-earnings-beat-forecasts-announces-stock-split-and-dividend-hike-202405060.html,finance.yahoo.com
05/01/2024 - 05/31/2024,https://finance.yahoo.com/news/prediction-nvidia-stock-continue-rise-171700442.html,finance.yahoo.com
05/01/2024 - 05/31/2024,https://finance.yahoo.com/news/nvidia-announces-financial-results-first-202000311.html,finance.yahoo.com
05/01/2024 - 05/31/2024,https://finance.yahoo.com/news/forget-nvidia-2-super-semiconductor-094000044.html,finance.yahoo.com
05/01/2024 - 05/31/2024,https://finance.yahoo.com/news/heres-much-1000-investment-nvidia-123008265.html,finance.yahoo.com
05/01/2024 - 05/31/2024,https://finance.yahoo.com/news/nvidia-corporation-nasdaq-nvda-top-142107867.html,finance.yahoo.com
05/01/2024 - 05/31/2024,https://finance.yahoo.com/news/invested-5-000-nvidia-stock-123755400.html,finance.yahoo.com
05/01/2024 - 05/31/2024,https://finance.yahoo.com/news/nvidia-stock-split-investors-know-141222320.html,finance.yahoo.com
05/01/2024 - 05/31/2024,https://finance.yahoo.com/news/nvidia-stock-going-1-400-212500484.html,finance.yahoo.com
05/01/2024 - 05/31/2024,https://finance.yahoo.com/news/nvidia-corporation-nasdaq-nvda-best-140559651.html,finance.yahoo.com
05/01/2024 - 05/31/2024,https://finance.yahoo.com/news/nvidia-corp-nvda-best-jim-213547438.html,finance.yahoo.com
06/01/2024 - 06/30/2024,https://finance.yahoo.com/news/nvidia-stock-nasdaq-nvda-cheaper-002007659.html,finance.yahoo.com
06/01/2024 - 06/30/2024,https://finance.yahoo.com/news/nvidias-stock-split-reach-1-110000475.html,finance.yahoo.com
06/01/2024 - 06/30/2024,https://finance.yahoo.com/news/nvidia-corporation-nasdaq-nvda-best-131231011.html,finance.yahoo.com
06/01/2024 - 06/30/2024,https://finance.yahoo.com/news/why-nvidia-nvda-top-stock-133003562.html,finance.yahoo.com
06/01/2024 - 06/30/2024,https://finance.yahoo.com/news/nvidia-stock-split-whats-next-for-the-stock-and-other-ai-plays-163017546.html,finance.yahoo.com
06/01/2024 - 06/30/2024,https://finance.yahoo.com/news/nvidia-stock-rises-after-10-for-1-stock-split-204412528.html,finance.yahoo.com
06/01/2024 - 06/30/2024,https://finance.yahoo.com/news/nvidia-overtakes-microsoft-as-most-valuable-stock-in-the-world-172859451.html,finance.yahoo.com
06/01/2024 - 06/30/2024,https://finance.yahoo.com/news/nvidia-nasdaq-nvda-yes-stock-010010803.html,finance.yahoo.com
06/01/2024 - 06/30/2024,https://finance.yahoo.com/news/nvidia-corporation-nasdaq-nvda-most-134147102.html,finance.yahoo.com
06/01/2024 - 06/30/2024,https://finance.yahoo.com/news/why-everyone-talking-nvidias-stock-093500213.html,finance.yahoo.com
06/01/2024 - 06/30/2024,https://finance.yahoo.com/news/nvidias-10-1-stock-split-081200020.html,finance.yahoo.com
06/01/2024 - 06/30/2024,https://finance.yahoo.com/news/nvidia-stock-pulls-back-after-topping-3-trillion-market-cap-mark-141014695.html,finance.yahoo.com
06/01/2024 - 06/30/2024,https://finance.yahoo.com/news/why-nvidia-stock-is-now-in-treacherous-waters-morning-brief-100140753.html,finance.yahoo.com
07/01/2024 - 07/31/2024,https://finance.yahoo.com/news/analysis-nvidia-investor-dilemma-much-050809578.html,finance.yahoo.com
07/01/2024 - 07/31/2024,https://finance.yahoo.com/news/3-things-every-nvidia-investor-111500824.html,finance.yahoo.com
07/01/2024 - 07/31/2024,https://finance.yahoo.com/news/where-nvidia-stock-20-years-122100271.html,finance.yahoo.com
07/01/2024 - 07/31/2024,https://finance.yahoo.com/news/why-nvidia-could-be-headed-for-a-seismic-moment-another-3-trillion-in-market-cap-133122970.html,finance.yahoo.com
07/01/2024 - 07/31/2024,https://finance.yahoo.com/news/nvidia-owns-4-artificial-intelligence-093600208.html,finance.yahoo.com
07/01/2024 - 07/31/2024,https://finance.yahoo.com/news/billionaires-selling-nvidia-stock-buying-090500461.html,finance.yahoo.com
07/01/2024 - 07/31/2024,https://finance.yahoo.com/news/prediction-nvidias-stock-correction-lead-113000939.html,finance.yahoo.com
07/01/2024 - 07/31/2024,https://finance.yahoo.com/news/nvidia-stock-nasdaq-nvda-analysts-203643941.html,finance.yahoo.com
07/01/2024 - 07/31/2024,https://finance.yahoo.com/news/youd-invested-1-000-nvidia-155700457.html,finance.yahoo.com
07/01/2024 - 07/31/2024,https://finance.yahoo.com/news/could-nvidia-stock-help-become-160600689.html,finance.yahoo.com
07/01/2024 - 07/31/2024,https://finance.yahoo.com/news/nvidia-stock-pulled-back-over-100000872.html,finance.yahoo.com
07/01/2024 - 07/31/2024,https://finance.yahoo.com/news/invested-1000-nvidia-stock-20-180009194.html,finance.yahoo.com
07/01/2024 - 07/31/2024,https://finance.yahoo.com/news/nvidia-market-cap-soar-50-180232830.html,finance.yahoo.com
08/01/2024 - 08/31/2024,https://finance.yahoo.com/news/analyst-says-nvidia-corp-nasdaq-182218928.html,finance.yahoo.com
08/01/2024 - 08/31/2024,https://finance.yahoo.com/news/why-nvidia-nvda-stock-rocketing-165014074.html,finance.yahoo.com
08/01/2024 - 08/31/2024,https://finance.yahoo.com/news/nvidia-gets-ready-to-take-over-the-stock-market-again-123030277.html,finance.yahoo.com
08/01/2024 - 08/31/2024,https://finance.yahoo.com/news/jim-cramer-many-nvidia-nvda-131953175.html,finance.yahoo.com
08/01/2024 - 08/31/2024,https://finance.yahoo.com/news/if-you-dont-own-nvidia-stock-you-are-missing-a-revolution-says-tech-investor-120002209.html,finance.yahoo.com
08/01/2024 - 08/31/2024,https://finance.yahoo.com/news/nvidia-stock-nasdaq-nvda-ai-203338730.html,finance.yahoo.com
08/01/2024 - 08/31/2024,https://finance.yahoo.com/news/the-biggest-challenge-for-nvidia-stock-in-one-chart-142146081.html,finance.yahoo.com
08/01/2024 - 08/31/2024,https://finance.yahoo.com/news/nvidia-corporation-nvda-leading-ai-145508640.html,finance.yahoo.com
08/01/2024 - 08/31/2024,https://finance.yahoo.com/quote/NVDA/insider-transactions/,finance.yahoo.com
08/01/2024 - 08/31/2024,https://finance.yahoo.com/news/nvidia-stock-slips-ahead-of-earnings-release-as-wall-street-reiterates-bullish-outlook-175404516.html,finance.yahoo.com
08/01/2024 - 08/31/2024,https://finance.yahoo.com/news/nvidia-nvda-beats-stock-market-214506483.html,finance.yahoo.com
08/01/2024 - 08/31/2024,https://finance.yahoo.com/news/eyes-nvidia-prepares-report-earnings-040133695.html,finance.yahoo.com
09/01/2024 - 09/30/2024,https://finance.yahoo.com/news/nvidia-nvda-stock-bullish-perspective-152057010.html,finance.yahoo.com
09/01/2024 - 09/30/2024,https://finance.yahoo.com/news/nvidia-stock-nvda-still-long-184019579.html,finance.yahoo.com
09/01/2024 - 09/30/2024,https://finance.yahoo.com/news/analyst-says-demand-nvidia-nvda-140428733.html,finance.yahoo.com
09/01/2024 - 09/30/2024,https://finance.yahoo.com/news/nvidia-stock-tumbles-to-lowest-level-since-mid-august-173835458.html,finance.yahoo.com
09/01/2024 - 09/30/2024,https://finance.yahoo.com/news/nvidia-stock-peaked-words-ceo-220800817.html,finance.yahoo.com
09/01/2024 - 09/30/2024,https://finance.yahoo.com/news/jim-cramer-says-nvidia-corporation-083920341.html,finance.yahoo.com
09/01/2024 - 09/30/2024,https://finance.yahoo.com/news/nvidia-stock-edges-up-as-industry-report-predicts-unprecedented-levels-of-investment-in-ai-data-centers-172648847.html,finance.yahoo.com
09/01/2024 - 09/30/2024,https://finance.yahoo.com/news/nvidia-corp-nvda-best-forever-114523354.html,finance.yahoo.com
09/01/2024 - 09/30/2024,https://finance.yahoo.com/news/nvidia-corporation-nvda-among-unrivaled-234229408.html,finance.yahoo.com
09/01/2024 - 09/30/2024,https://finance.yahoo.com/news/jim-cramer-reports-nvidia-shares-062234124.html,finance.yahoo.com
09/01/2024 - 09/30/2024,https://finance.yahoo.com/news/nvidia-stock-vs-palantir-stock-080500684.html,finance.yahoo.com
09/01/2024 - 09/30/2024,https://finance.yahoo.com/news/jim-cramer-nvidia-corporation-nasdaq-015729002.html,finance.yahoo.com
10/01/2024 - 10/31/2024,https://finance.yahoo.com/news/nvidia-stock-nvda-sky-high-141750030.html,finance.yahoo.com
10/01/2024 - 10/31/2024,https://finance.yahoo.com/news/nvidia-stock-155-still-buy-180000504.html,finance.yahoo.com
10/01/2024 - 10/31/2024,https://finance.yahoo.com/news/nvidia-stock-surges-4-monday-211342479.html,finance.yahoo.com
10/01/2024 - 10/31/2024,https://finance.yahoo.com/news/where-nvidia-stock-5-years-092500351.html,finance.yahoo.com
10/01/2024 - 10/31/2024,https://finance.yahoo.com/news/nvidia-stock-soars-to-fresh-record-as-wall-street-stays-bullish-ahead-of-earnings-190404027.html,finance.yahoo.com
10/01/2024 - 10/31/2024,https://finance.yahoo.com/news/nvidia-stock-sinks-on-fears-of-ai-spending-slowdown-185105032.html,finance.yahoo.com
10/01/2024 - 10/31/2024,https://finance.yahoo.com/news/nvidia-tops-3-5t-milestone-190500309.html,finance.yahoo.com
10/01/2024 - 10/31/2024,https://finance.yahoo.com/news/nvidia-notches-record-high-looks-to-unseat-apple-as-worlds-most-valuable-company-143811889.html,finance.yahoo.com
10/01/2024 - 10/31/2024,https://finance.yahoo.com/news/where-nvidia-1-083000563.html,finance.yahoo.com
10/01/2024 - 10/31/2024,https://finance.yahoo.com/news/nvidia-stock-tumbles-from-record-high-on-news-of-possible-us-chip-export-cap-asmls-dismal-earnings-163259227.html,finance.yahoo.com
10/01/2024 - 10/31/2024,https://finance.yahoo.com/news/insiders-selling-nvidia-nvda-amid-163054886.html,finance.yahoo.com
10/01/2024 - 10/31/2024,https://finance.yahoo.com/news/nvidia-stock-hits-time-highs-210034741.html,finance.yahoo.com
10/01/2024 - 10/31/2024,https://finance.yahoo.com/news/2-massive-reasons-buy-nvidia-220000322.html,finance.yahoo.com
11/01/2024 - 11/30/2024,https://finance.yahoo.com/news/buy-nvidia-dec-3-090200190.html,finance.yahoo.com
11/01/2024 - 11/30/2024,https://finance.yahoo.com/news/nvidia-stock-rises-on-ai-spending-chip-deal-ahead-of-earnings-192539666.html,finance.yahoo.com
11/01/2024 - 11/30/2024,https://finance.yahoo.com/news/nvidia-stock-topped-single-metric-102100360.html,finance.yahoo.com
11/01/2024 - 11/30/2024,https://finance.yahoo.com/news/jim-cramer-says-nvidia-nvda-023339891.html,finance.yahoo.com
11/01/2024 - 11/30/2024,https://finance.yahoo.com/news/nvidia-shares-decline-3-5-183641676.html,finance.yahoo.com
11/01/2024 - 11/30/2024,https://finance.yahoo.com/news/jim-cramer-nvidia-nvda-pullback-191010710.html,finance.yahoo.com
11/01/2024 - 11/30/2024,https://finance.yahoo.com/news/nvidia-corporation-nvda-best-stock-183936020.html,finance.yahoo.com
11/01/2024 - 11/30/2024,https://finance.yahoo.com/news/nvidias-stock-down-despite-amazing-220642564.html,finance.yahoo.com
11/01/2024 - 11/30/2024,https://finance.yahoo.com/news/nvidia-results-rock-markets-084930957.html,finance.yahoo.com
11/01/2024 - 11/30/2024,https://finance.yahoo.com/news/analysts-nvidia-stock-price-target-004700435.html,finance.yahoo.com
11/01/2024 - 11/30/2024,https://finance.yahoo.com/news/buy-nvidia-corporation-nasdaq-nvda-110030802.html,finance.yahoo.com
11/01/2024 - 11/30/2024,https://finance.yahoo.com/news/jensen-huang-just-delivered-incredible-095300156.html,finance.yahoo.com
11/01/2024 - 11/30/2024,https://finance.yahoo.com/news/why-nvidia-stock-is-ripe-for-another-surge-investor-132349896.html,finance.yahoo.com
12/01/2024 - 12/31/2024,https://finance.yahoo.com/news/could-buying-nvidia-stock-today-125100795.html,finance.yahoo.com
12/01/2024 - 12/31/2024,https://finance.yahoo.com/news/analyst-predicts-nvidia-nvda-stock-082727785.html,finance.yahoo.com
12/01/2024 - 12/31/2024,https://finance.yahoo.com/news/nvidia-may-be-entering-a-limitless-era-investor-203859004.html,finance.yahoo.com
12/01/2024 - 12/31/2024,https://finance.yahoo.com/news/nvidia-stock-slides-amid-ai-spending-slowdown-fears-increased-competition-145636549.html,finance.yahoo.com
12/01/2024 - 12/31/2024,https://finance.yahoo.com/news/nvidia-nvda-overvalued-cramer-explains-152452029.html,finance.yahoo.com
12/01/2024 - 12/31/2024,https://finance.yahoo.com/news/heres-why-nvidia-stock-could-111500406.html,finance.yahoo.com
12/01/2024 - 12/31/2024,https://finance.yahoo.com/news/nvidia-stock-is-in-a-soul-searching-moment-140740347.html,finance.yahoo.com
12/01/2024 - 12/31/2024,https://finance.yahoo.com/news/why-nvidia-corporation-nvda-among-085337298.html,finance.yahoo.com
12/01/2024 - 12/31/2024,https://finance.yahoo.com/news/nvidia-stock-pops-3-slumping-164439404.html,finance.yahoo.com
12/01/2024 - 12/31/2024,https://finance.yahoo.com/news/heres-why-nvidia-remains-top-101000536.html,finance.yahoo.com
12/01/2024 - 12/31/2024,https://finance.yahoo.com/news/nvidia-top-2025-magnificent-7-200500244.html,finance.yahoo.com
12/01/2024 - 12/31/2024,https://finance.yahoo.com/news/why-nvidia-nvda-stock-plunged-235648963.html,finance.yahoo.com
12/01/2024 - 12/31/2024,https://finance.yahoo.com/news/prediction-2-stocks-worth-more-145100565.html,finance.yahoo.com
01/01/2025 - 01/31/2025,https://finance.yahoo.com/news/nvidia-stock-plummets-loses-record-589-billion-as-deepseek-prompts-questions-over-ai-spending-135105824.html,finance.yahoo.com
01/01/2025 - 01/31/2025,https://finance.yahoo.com/news/nvidia-stock-begins-recovery-after-deepseek-ai-frenzy-prompted-near-600-billion-loss-134240328.html,finance.yahoo.com
01/01/2025 - 01/31/2025,https://finance.yahoo.com/news/nvidia-stock-over-900-since-121500842.html,finance.yahoo.com
01/01/2025 - 01/31/2025,https://finance.yahoo.com/news/top-analyst-revisits-nvidia-stock-115509437.html,finance.yahoo.com
01/01/2025 - 01/31/2025,https://finance.yahoo.com/news/asml-sinks-china-ai-startup-081823609.html,finance.yahoo.com
01/01/2025 - 01/31/2025,https://finance.yahoo.com/news/nvidia-stock-crashes-17-wiping-075314091.html,finance.yahoo.com
01/01/2025 - 01/31/2025,https://finance.yahoo.com/news/retail-investors-bought-record-amount-101907510.html,finance.yahoo.com
01/01/2025 - 01/31/2025,https://finance.yahoo.com/news/nvidia-stock-falls-after-notching-record-high-ahead-of-ces-ai-superchip-debut-210226230.html,finance.yahoo.com
01/01/2025 - 01/31/2025,https://finance.yahoo.com/news/nvidia-stock-bounces-back-deep-182911775.html,finance.yahoo.com
01/01/2025 - 01/31/2025,https://ca.finance.yahoo.com/news/nvidia-stock-crossed-red-line-031216724.html,finance.yahoo.com
01/01/2025 - 01/31/2025,https://finance.yahoo.com/news/nvidia-nvda-stock-trades-down-145733108.html,finance.yahoo.com
01/01/2025 - 01/31/2025,https://finance.yahoo.com/news/nvidia-stock-crash-saw-retail-investors-dump-more-than-900-million-into-the-name-174826054.html,finance.yahoo.com
01/01/2025 - 01/31/2025,https://finance.yahoo.com/news/nvidia-stock-jumps-leads-magnificent-7-gains-to-start-2025-after-end-of-year-tech-sell-off-154139053.html,finance.yahoo.com
02/01/2025 - 02/28/2025,https://finance.yahoo.com/news/why-one-nvidia-bull-thinks-things-look-spectacular-heading-into-the-ai-chipmakers-earnings-111429732.html,finance.yahoo.com
02/01/2025 - 02/28/2025,https://finance.yahoo.com/news/what-nvidia-bulls-are-whispering-about-before-its-big-earnings-report-120347483.html,finance.yahoo.com
02/01/2025 - 02/28/2025,https://finance.yahoo.com/news/jim-cramer-nvidia-corporation-nvda-175819061.html,finance.yahoo.com
02/01/2025 - 02/28/2025,https://finance.yahoo.com/news/prediction-nvidia-stock-going-drop-131500159.html,finance.yahoo.com
02/01/2025 - 02/28/2025,https://finance.yahoo.com/news/analyst-says-nvidia-nvda-just-043015517.html,finance.yahoo.com
02/01/2025 - 02/28/2025,https://uk.finance.yahoo.com/news/10-000-invested-nvidia-stock-104500666.html,finance.yahoo.com
02/01/2025 - 02/28/2025,https://finance.yahoo.com/news/analyst-explains-nvidia-nvda-tricky-201536617.html,finance.yahoo.com
02/01/2025 - 02/28/2025,https://finance.yahoo.com/news/why-deepseek-disruption-cannot-derail-121303119.html,finance.yahoo.com
02/01/2025 - 02/28/2025,https://finance.yahoo.com/quote/NVDA/,finance.yahoo.com
02/01/2025 - 02/28/2025,https://finance.yahoo.com/news/where-nvidia-stock-10-years-120000423.html,finance.yahoo.com
02/01/2025 - 02/28/2025,https://finance.yahoo.com/news/2-reasons-buy-nvidia-stock-231400256.html,finance.yahoo.com
